{"file_hashes":[{"block_hashes":["3fFoWaFfPrMzTWJBl1yjmIrD6vw9lkUqw6Sv02RMhVA="],"block_size":4096,"path":"_locales/be/messages.json"},{"block_hashes":["pIJmMpKpE7AqnN5GNcfJInC/PIcm/SdEddwsSQAZp8k="],"block_size":4096,"path":"_locales/cy/messages.json"},{"block_hashes":["pBZw1SQjumnHpl5+FT57mZTo3QNwxYS9oHFL1hxJxXg="],"block_size":4096,"path":"_locales/eu/messages.json"},{"block_hashes":["mJBxDfD78dtBvOQf4vYkJKO9OddV0p6Cl0TtPaDCzh0="],"block_size":4096,"path":"_locales/gl/messages.json"},{"block_hashes":["Cxbj+L2QSnZyhDRa6GoKmSfEev6J4F6isTrYAAm9+eQ="],"block_size":4096,"path":"_locales/hy/messages.json"},{"block_hashes":["lD5hmIyFm7CI9UiInwRJiFUl3WYGJqibpnsslM+/uxs="],"block_size":4096,"path":"_locales/is/messages.json"},{"block_hashes":["u7gcMvSCujIWybEYnHDO85yowhga81OP+ge0xq1S8Go="],"block_size":4096,"path":"_locales/iw/messages.json"},{"block_hashes":["MImLv1G91Y2zl/94DwYeM0MaOO9c/CiLUXfs92s5nyY="],"block_size":4096,"path":"_locales/ka/messages.json"},{"block_hashes":["VI3GyW4xoWzjVdxVxkgzsI7z+6i/MxSQMbSmhZWeOvQ="],"block_size":4096,"path":"_locales/kk/messages.json"},{"block_hashes":["phGPCg3jKeB8AfU81vtP7UPlTF9T20zRx/WytNn7EOY="],"block_size":4096,"path":"_locales/km/messages.json"},{"block_hashes":["iQgvsFIpgmvCIvXSLBWCNfAl8ObfZ/8TWhi9iZ4Tu48="],"block_size":4096,"path":"_locales/lo/messages.json"},{"block_hashes":["YT2HUfbMnT+jGfS36osr077Tf9B3SCyoJZKd18Eqaag="],"block_size":4096,"path":"_locales/mn/messages.json"},{"block_hashes":["JDvvvWtnohQz3Ml9wacoiW06Bw3CAFXrBNZE4buVX+c="],"block_size":4096,"path":"_locales/my/messages.json"},{"block_hashes":["Fg4c1ZPJAccpHqTsunNRkdeT3f1+lkagVgSYYn9h2m8="],"block_size":4096,"path":"_locales/ne/messages.json"},{"block_hashes":["u9N9Qbfeb5OUj6JDenaZ1MMKPDnnNheXAvISyzajEzw="],"block_size":4096,"path":"_locales/pa/messages.json"},{"block_hashes":["VCQevmUag0QjXMR6/SdMCAq668jDolr7ldg3O2pWcKI="],"block_size":4096,"path":"_locales/si/messages.json"},{"block_hashes":["MPRM+tBS1z2G0S+iDPwRFWOjsuRSO0P31m2TS6jazpE="],"block_size":4096,"path":"_locales/zh_HK/messages.json"},{"block_hashes":["7Hjd1MzzK1127HAaIBZ8P70UbXmlBeT7BCH8Hlz0qmM="],"block_size":4096,"path":"_locales/zu/messages.json"},{"block_hashes":["bGnOD+b6sU8ZkKMg1wT+42LBdcAOtskiSqb0EQiRjKY="],"block_size":4096,"path":"dasherSettingSchema.json"},{"block_hashes":["ufotUqT/q7Q4tWGEExuJOwRlWwHzNgZkFdT+g57+ZOc="],"block_size":4096,"path":"offscreendocument.html"},{"block_hashes":["eVrrxGDCJLSWKoePRerPnNpaQ/zImBHjIH4pbj4dxRQ=","J83k4F+M+vGbDqiT5FF/hzoJLJILVNwM412yDoyts2M=","YDhr9JxJ4rZs0Oo3kzhMNSZwkHr3OAD5Rs0aVpPCL/k=","UrY9+JqMfkUy4rE/wdDeqptAxT3CZvirg7CLSVTzxHc=","SMbyLV3P9rOmC0PwsKa4iOkhvXdz19S1jGAmJOgmZWI=","fe1/sYci6WX9IMG7D7Va4V+NQs5CVcTlHw/kJMHWKYU=","TGptfC55aHmk4zgBVTHsw8rohfRGCx0CYDWto5M8lv0=","UF0VL24sZzgZ9pFVJ3wwNf2hYT+fknTSU3pjgVHJqXY=","oxeD8WMSs213WAi1PMWP+2OiTr/2m3HRhXY9XoFFD5A=","Ge+DKS0kR/WBq5R/HWgqEoVcAO5HTSjNdxgy8PTTtsk=","b6YUp2cIAUdpGAeIZxVln3apUDg1GoHbdy0hofnhI7o=","OBHIEKzdSKbm4DVA0qrODMiZzTwJVj3adtqMhoUiP6c=","SaaLda1YuireWM1CarkND5Se4TeIaqXzjo3pnd2Ksaw=","ZDNf8W0SmrMfSrpdHz/gBP338kqng5C+XscorHQmmCs=","m7yyx7vK1Qg5451+hrg6F/iHbtLDin4/s3B0edEnrB4=","iC3hRRYqd4yiRpVbp1G1Iivp9d0UW+siAv4Ogvd8xBs=","F+uCrZ01xVRUXrPFxJUL1TLrQr4QzGTW1O3mW1zBUa0=","59p9GO0Gp4of0pYdhfkhkVldN2WFwTRf3yie+ZsBqPU=","o+T31TSad3H8hfAHp8SKEsIjQlMTqft8TAPPT3qd3i8=","8Rxdr6gwQD06FhcEEsvEDbYT5rlhEjR9cseaFu04Bjg=","RqAUqeK0e67SLF0gL7qkUqn/Q0OLQomQLsQcK3CNNtg=","DUmfsBtNXeaqQg+AzF2tCxNRQE3nRCXd44P0Oy9RV30=","Q5EaK+5eZ/IfMFR3NfMRXUQlFo60r5AU0Z9omtOZ7rU=","Smg8Z58kWpqwiK0AQWVhus6MXsMfhvAkwUSrTpm0QbA=","Udy3AckLQCaSW8loqXT98rAL1CPEuXdzTGIEQxk1ad8=","ofgHSWfGdxfVE1NU3Fvib+q64mWbGwBFBx1YHqG4uI4=","WCCcf01cIOsvS3rX+BTnfmxMi81lCr/PSDpZH0mbqQo=","SLyPd7sFrX/Ai/gILBT3E3Hy1jLmRYGp18xI+keyqTU=","KdeOEP3lDrjKnNSZ7sK+ctylJ9MvGfNu1y6QwHtx2AE=","10YLCsOYm/6dLiBGSy8OaMEY/SJYX8cl52inXpHV/a8=","FjmLFeAys1JANIvimxYJSirhL0k3oOrg20PA2oGupCc=","e8keENvlafW8A07bHde3BdJFy5TlhyuV5/gRtL1zC5s=","CxF//2J0Rs3EQl63L1GmA2Ac1qCRGv6syu0qxH0LhZ4=","9Dz+D5BwtpvsjV2I0aA9oaM+rKX67TgIPV+xVLiAFg0="],"block_size":4096,"path":"offscreendocument_main.js"},{"block_hashes":["h9qslUwksZ8yu4uMgrUvbGh1HktGMp3na+6ceO8rurc="],"block_size":4096,"path":"page_embed_script.js"},{"block_hashes":["LVDBzWiW55hueuGFuohbGabsN7l/l/nbm64+SKl8nkw=","qVEg1W63IS3dpRmFB/MmOdAt1riYBwHUmqGcRKGw2kw=","hjlaoBGvwoeGFGMul+Ye2Q7qQMWrJFmJRltebjywJHI=","xj/TSOZ+p8RL1XIpX1MEXUDSemIgTqoYLxm1n+g2338=","0pLukwSBDORAXemMIDE5fbNWldkZcEuR0tVbI0u2AVc=","T5n05WmbyeWtcnt/WK/xacXR+5xp4EqVY3A9j+aW3fc=","WE7TWw/UjnFqsnoQkW6gF3V226gLrICFB6tt7WXes90=","Zimc/DV9Y0Cr6ebk6fknmdhUje0gu8dipCegyLBhGxE=","g5WyA/1TPuDXiOkMSUcoeRfA1AEuTzSbXWTyFiyXkv0=","miO6H27beYGui/IkfTTL1qAVjYTzsy+DkdW1K8+sfHs=","bQ7wWq8SX9F8O6Fl1efYqcPlM8b2ArJ6yQxuJf3K6o0=","UTzuUzgnVrCsu+CAbbPkZ5tglah36fVYQwGTT4B8hho=","lCXL02qaEgb3h2JUWMkli1ylZT+LveKtbVzRC0/23qw=","0mW6kp16w7nBLakYd2QxchrTiA3R5lAEfuXlrg4rUH8=","07a4VOwvROoU/wpYjMmeeSEWBz8qXpWCtAueQPMmCYQ=","/StmPRbH1Ltvp8J3QUTxitnyqC4f26vh1hDziDZaKHc=","XfkBvy+ecy8XJay/d9L6eKiPEvp0TtDeZzoKk0OsUnk=","D2uNIlk7/5nKhgRWO8/LcraOSClmI82gZ0JOqJFOyno=","TqB6vs2L2ttszrtsnEoHAFM9ChNCSojaLIuhl22I4tQ=","xBGVQNZ+GhEKSSjYtqyZqT7nRCbRp8BEf7mbcOrgqPQ=","6NcSICqbDxaBhFR8fhRbceYOPzTdfIjYNNp5KQS3ICU=","C1xFj2mQgHGmewTSEvhoCfCy50xw3366po8D+/V9A+0=","e6R2ilge8gvru/WeA3I2w4E/BCaW6yh/paK91BHJUJI=","G3GYFRRtUiBaq8d58/rm90J/1mzr4wCYuQ4xcFcNB4E=","ZB/yEGfChZ7Z1tJVET5gXRm6EP+Xl71Xrdhl0iXqQiw=","s+oIn/c80FQxUd0Z82gySfo+/W8Ticg2HKrPk1o03vM=","x0IXbRbIACYTYjzY/DivlCVYcMoilm/NIIJwp/GvxaI=","OP3ezUIAulUvhQhz0kP/nh89HtZ0offwyeMOd3jWXYI=","fKBNri/OBdTi2r6t7F6dtqKmi+Ut5W5OTdpU5V5cr9o=","qFZ/VlfrRFNNSD1BdrD1AEvW2gPfNiXmOsKMdtm2CE8=","WB5hHsfgOU/Pt/IsVPVTuuADstW8TkzSO5uWHfyUY5k=","EOGHnIXyyTHEOb/Rjj/T7tCCNl3uHAzuJgGBRGCLBpU=","OvQbeUBKX2EVMPNTzMjGeSTPOerLKaB4nfJMS3RP2e4=","UFGpNs45Jx8dcib+26esC9NWBEFTHOATCS2hHaBe+eA=","USNd7DBvPxdmSDVRByBNfgR2EYjAvwQapMoOaaVMKT4="],"block_size":4096,"path":"service_worker_bin_prod.js"}],"version":2}